id,name,category,quantity,price,description,code,minimum_quantity,corridor,cabinet,shelf,classification,gaveta,unnamed: 6
2961,Amplificador operacional 741,,39,0.0,,,0,A,15.0,C,,99,
2670,Arruela isolante  vermelho,,169,0.0,,,0,A,15.0,C,,18,
2716,Barra de pino macho,,21,0.0,,,0,A,15.0,C,,37,
2829,Bobina de núcleo indutor,,151,0.0,,,0,A,15.0,C,,71,
2796,Bomba de água 12V,,1,0.0,,,0,A,15.0,C,,55,
2733,Borne 300V 102 MINI azul,,20,0.0,,,0,A,15.0,C,,43,
2732,Borne 300V 10A,,2,0.0,,,0,A,15.0,C,,43,
2729,Borne 300V 12 A 3 vias,,135,0.0,,,0,A,15.0,C,,43,
2731,Borne 300V 16A,,2,0.0,,,0,A,15.0,C,,43,
2730,Borne 300V 20 A 2 vias,,67,0.0,,,0,A,15.0,C,,43,
2672,Borne plug banana diversos,,110,0.0,,,0,A,15.0,C,,21,
2671,Borne plug banana preto,,349,0.0,,,0,A,15.0,C,,20,
2668,Borne plug banana vermelho,,19,0.0,,,0,A,15.0,C,,18,
2694,Botão tic tac,,16,0.0,,,0,nan,15.0,C,,29,
2994,CI LM 358 P,,11,0.0,,,0,A,15.0,C,,110,
2613,Cabo HDMI,Cabos,25,19.9,Cabo HDMI 2.0 de 1.8m,,0,,,,,,
3018,Capacitor cerâmico 103,,20,0.0,,,0,A,15.0,C,,117,
3019,Capacitor cerâmico 104,,20,0.0,,,0,A,15.0,C,,117,
3020,Capacitor cerâmico 223J 400V marrom,,20,0.0,,,0,A,15.0,C,,118,
3023,Capacitor cerâmico 2A 104K verde,,20,0.0,,,0,A,15.0,C,,118,
3022,Capacitor cerâmico 2G 104K verde,,20,0.0,,,0,A,15.0,C,,118,
3021,Capacitor cerâmico 473 47uf 50v marrom,,20,0.0,,,0,A,15.0,C,,118,
2790,Capacitor eletrolítico,,17,0.0,,,0,A,15.0,C,,53,
3056,"Capacitor eletrolítico 0,47 uF 100v",,30,0.0,,,0,14,15.0,A,,134,
3057,"Capacitor eletrolítico 0,47 uF 25v",,4,0.0,,,0,14,15.0,A,,134,
3055,"Capacitor eletrolítico 0,47uF 63v",,6,0.0,,,0,14,15.0,A,,134,
3106,Capacitor eletrolítico 1000uF 100V,,2,0.0,,,0,14,15.0,A,,148,
3098,Capacitor eletrolítico 1000uF 16V,,20,0.0,,,0,14,15.0,A,,145,
3108,Capacitor eletrolítico 1000uF 200V,,6,0.0,,,0,14,15.0,A,,148,
3109,Capacitor eletrolítico 1000uF 250V,,2,0.0,,,0,14,15.0,A,,148,
3095,Capacitor eletrolítico 1000uF 25V,,20,0.0,,,0,14,15.0,A,,145,
3096,Capacitor eletrolítico 1000uF 35V,,23,0.0,,,0,14,15.0,A,,145,
3097,Capacitor eletrolítico 1000uF 50V,,49,0.0,,,0,14,15.0,A,,145,
3107,Capacitor eletrolítico 1000uF 63V,,1,0.0,,,0,14,15.0,A,,148,
3082,Capacitor eletrolítico 100uF 16v,,60,0.0,,,0,14,15.0,A,,141,
3083,Capacitor eletrolítico 100uF 25v,,45,0.0,,,0,14,15.0,A,,141,
3084,Capacitor eletrolítico 100uF 35v,,49,0.0,,,0,14,15.0,A,,141,
3085,Capacitor eletrolítico 100uF 50v,,16,0.0,,,0,14,15.0,A,,141,
3086,Capacitor eletrolítico 100uF 63v,,20,0.0,,,0,14,15.0,A,,141,
3067,Capacitor eletrolítico 10uF 100v,,65,0.0,,,0,14,15.0,A,,137,
3069,Capacitor eletrolítico 10uF 25v,,3,0.0,,,0,14,15.0,A,,137,
3064,Capacitor eletrolítico 10uF 35v,,24,0.0,,,0,14,15.0,A,,136,
3065,Capacitor eletrolítico 10uF 50v,,150,0.0,,,0,14,15.0,A,,136,
3066,Capacitor eletrolítico 10uF 63v,,85,0.0,,,0,14,15.0,A,,136,
3068,Capacitor eletrolítico 16uF 100v,,4,0.0,,,0,14,15.0,A,,137,
3037,Capacitor eletrolítico 1uF 100v,,30,0.0,,,0,14,15.0,A,,130,
3036,Capacitor eletrolítico 1uF 50v,,19,0.0,,,0,14,15.0,A,,130,
3039,Capacitor eletrolítico 2.2uF 100v,,10,0.0,,,0,14,15.0,A,,130,
3038,Capacitor eletrolítico 2.2uF 50v,,84,0.0,,,0,14,15.0,A,,130,
3099,Capacitor eletrolítico 2200uF 25V,,30,0.0,,,0,14,15.0,A,,146,
3100,Capacitor eletrolítico 2200uF 50V,,12,0.0,,,0,14,15.0,A,,146,
3101,Capacitor eletrolítico 2200uF 63V,,4,0.0,,,0,14,15.0,A,,146,
3087,Capacitor eletrolítico 220uF 16v,,55,0.0,,,0,14,15.0,A,,142,
3088,Capacitor eletrolítico 220uF 25v,,1,0.0,,,0,14,15.0,A,,142,
3089,Capacitor eletrolítico 220uF 35v,,40,0.0,,,0,14,15.0,A,,142,
3090,Capacitor eletrolítico 220uF 50v,,6,0.0,,,0,14,15.0,A,,142,
3091,Capacitor eletrolítico 220uF 63v,,12,0.0,,,0,14,15.0,A,,142,
3052,Capacitor eletrolítico 22uF 100v,,80,0.0,,,0,14,15.0,A,,133,
3048,Capacitor eletrolítico 22uF 16v,,7,0.0,,,0,14,15.0,A,,132,
3049,Capacitor eletrolítico 22uF 25v,,18,0.0,,,0,14,15.0,A,,132,
3053,Capacitor eletrolítico 22uF 350v,,18,0.0,,,0,14,15.0,A,,134,
3050,Capacitor eletrolítico 22uF 35v,,10,0.0,,,0,14,15.0,A,,132,
3051,Capacitor eletrolítico 22uF 50v,,290,0.0,,,0,14,15.0,A,,133,
3041,Capacitor eletrolítico 3.3uF 100v,,45,0.0,,,0,14,15.0,A,,130,
3040,Capacitor eletrolítico 3.3uF 50v,,25,0.0,,,0,14,15.0,A,,130,
3102,Capacitor eletrolítico 330uF 200V,,3,0.0,,,0,14,15.0,A,,147,
3092,Capacitor eletrolítico 330uF 25v,,5,0.0,,,0,14,15.0,A,,143,
3076,Capacitor eletrolítico 33uF 35v,,3,0.0,,,0,14,15.0,A,,139,
3078,Capacitor eletrolítico 33uF 450v,,15,0.0,,,0,14,15.0,A,,139,
3077,Capacitor eletrolítico 33uF 63v,,9,0.0,,,0,14,15.0,A,,139,
3045,"Capacitor eletrolítico 4,7uF 100v",,59,0.0,,,0,14,15.0,A,,131,
3042,"Capacitor eletrolítico 4,7uF 16v",,20,0.0,,,0,14,15.0,A,,131,
3046,"Capacitor eletrolítico 4,7uF 400v",,75,0.0,,,0,14,15.0,A,,131,
3047,"Capacitor eletrolítico 4,7uF 450v",,37,0.0,,,0,14,15.0,A,,137,
3043,"Capacitor eletrolítico 4,7uF 50v",,84,0.0,,,0,14,15.0,A,,134,
3044,"Capacitor eletrolítico 4,7uF 63v",,6,0.0,,,0,14,15.0,A,,131,
3103,Capacitor eletrolítico 470uF 100V,,2,0.0,,,0,14,15.0,A,,147,
3094,Capacitor eletrolítico 470uF 100v,,15,0.0,,,0,14,15.0,A,,144,
3093,Capacitor eletrolítico 470uF 10v,,25,0.0,,,0,14,15.0,A,,143,
3075,Capacitor eletrolítico 470uF 16v,,43,0.0,,,0,14,15.0,A,,143,
3070,Capacitor eletrolítico 470uF 25v,,44,0.0,,,0,14,15.0,A,,143,
3071,Capacitor eletrolítico 470uF 35v,,50,0.0,,,0,14,15.0,A,,143,
3104,Capacitor eletrolítico 470uF 400V,,2,0.0,,,0,14,15.0,A,,147,
3105,Capacitor eletrolítico 470uF 450V,,3,0.0,,,0,14,15.0,A,,147,
3072,Capacitor eletrolítico 470uF 450v,,4,0.0,,,0,14,15.0,A,,138,
3073,Capacitor eletrolítico 470uF 50v,,28,0.0,,,0,14,15.0,A,,144,
3074,Capacitor eletrolítico 470uF 63v,,16,0.0,,,0,14,15.0,A,,144,
3063,Capacitor eletrolítico 47uF 100v,,19,0.0,,,0,14,15.0,A,,135,
3059,Capacitor eletrolítico 47uF 10v,,30,0.0,,,0,14,15.0,A,,135,
3060,Capacitor eletrolítico 47uF 16v,,30,0.0,,,0,14,15.0,A,,135,
3061,Capacitor eletrolítico 47uF 25v,,52,0.0,,,0,14,15.0,A,,135,
3058,Capacitor eletrolítico 47uF 35v,,8,0.0,,,0,14,15.0,A,,135,
3062,Capacitor eletrolítico 47uF 50v,,70,0.0,,,0,14,15.0,A,,135,
3054,Capacitor eletrolítico 47uF 63v,,20,0.0,,,0,14,15.0,A,,135,
3079,Capacitor eletrolítico 68uF 35v,,5,0.0,,,0,14,15.0,A,,139,
3080,Capacitor eletrolítico 68uF 50v,,85,0.0,,,0,14,15.0,A,,140,
3081,Capacitor eletrolítico 68uF 63v,,45,0.0,,,0,14,15.0,A,,140,
2791,Capacitor poliester,,9,0.0,,,0,A,15.0,C,,53,
2702,Chave dip switch 4 vias azul,,11,0.0,,,0,A,15.0,C,,30,
2703,Chave dip switch 4 vias vermelho,,8,0.0,,,0,A,15.0,C,,30,
2704,Chave dip switch 5 vias azul,,12,0.0,,,0,A,15.0,C,,30,
2699,Chave fim de curso 2A 125V,,10,0.0,,,0,A,15.0,C,,29,
2698,Chave fim de curso KW11-3Z-2,,20,0.0,,,0,A,15.0,C,,29,
2697,Chave fim de curso KW11-3Z-5,,10,0.0,,,0,A,15.0,C,,29,
2696,Chave seletora de tensão 127V/220V  HH média,,10,0.0,,,0,A,15.0,C,,29,
2695,Chave seletora de tensão 127V/220V  HH pequena,,10,0.0,,,0,A,15.0,C,,29,
2705,Chave tecla,,9,0.0,,,0,A,15.0,C,,30,
2707,Chave tecla c/trava vermelho,,10,0.0,,,0,A,15.0,C,,30,
2706,Chave tecla c/trava vermelho KXW,,10,0.0,,,0,A,15.0,C,,30,
2693,Chaveiro TAG,,28,0.0,,,0,A,15.0,C,,28,
3249,Circuito integrado  7400,,234,0.0,,,0,A,15.0,B,,191,
3250,Circuito integrado  7401,,25,0.0,,,0,A,15.0,B,,191,
3251,Circuito integrado  7402,,278,0.0,,,0,A,15.0,B,,192,
3252,Circuito integrado  7403,,53,0.0,,,0,A,15.0,B,,193,
3448,Circuito integrado  V 2.04.02,,11,0.0,,,0,A,15.0,B,,232,
3442,Circuito integrado  VIGILANCE V8 V1.0.10,,17,0.0,,,0,A,15.0,B,,231,
3428,Circuito integrado  WS 62256 LLPG-70,,9,0.0,,,0,A,15.0,B,,227,
2968,Circuito integrado 1240,,3,0.0,,,0,A,15.0,C,,100,
3412,Circuito integrado 14023,,19,0.0,,,0,A,15.0,B,,224,
3418,Circuito integrado 140232,,30,0.0,,,0,A,15.0,B,,225,
3413,Circuito integrado 14025,,5,0.0,,,0,A,15.0,B,,224,
3414,Circuito integrado 14042,,10,0.0,,,0,A,15.0,B,,224,
3415,Circuito integrado 14051,,36,0.0,,,0,A,15.0,B,,224,
3417,Circuito integrado 14099,,20,0.0,,,0,A,15.0,B,,225,
3416,Circuito integrado 14106,,14,0.0,,,0,A,15.0,B,,225,
2963,Circuito integrado 14232,,9,0.0,,,0,A,15.0,C,,99,
3419,Circuito integrado 14520B,,19,0.0,,,0,A,15.0,B,,225,
3420,Circuito integrado 14529BP,,9,0.0,,,0,A,15.0,B,,225,
3421,Circuito integrado 14538,,39,0.0,,,0,A,15.0,B,,225,
3348,Circuito integrado 1489,,50,0.0,,,0,A,15.0,B,,212,
3349,Circuito integrado 1723,,9,0.0,,,0,A,15.0,B,,212,
3433,Circuito integrado 2.2.05,,1,0.0,,,0,A,15.0,B,,229,
3350,Circuito integrado 2004,,30,0.0,,,0,A,15.0,B,,212,
3351,Circuito integrado 2110,,15,0.0,,,0,A,15.0,B,,212,
3436,Circuito integrado 21100,,7,0.0,,,0,A,15.0,B,,230,
3437,Circuito integrado 22202,,21,0.0,,,0,A,15.0,B,,230,
3352,Circuito integrado 232,,24,0.0,,,0,A,15.0,B,,213,
2958,Circuito integrado 2408B 9903,,49,0.0,,,0,A,15.0,C,,98,
3469,Circuito integrado 2530,,15,0.0,,,0,A,15.0,B,,237,
2965,Circuito integrado 2631,,298,0.0,,,0,A,15.0,C,,100,
3440,Circuito integrado 2803,,2,0.0,,,0,A,15.0,B,,230,
2969,Circuito integrado 308,,30,0.0,,,0,nan,nan,nan,,?,
2970,Circuito integrado 311,,25,0.0,,,0,A,15.0,C,,101,
3353,Circuito integrado 312,,2,0.0,,,0,A,15.0,B,,213,
2971,Circuito integrado 3140,,10,0.0,,,0,A,15.0,C,,101,
3357,Circuito integrado 3161/3162,,12,0.0,,,0,A,15.0,B,,214,
2972,Circuito integrado 317,,21,0.0,,,0,A,15.0,C,,101,
2973,Circuito integrado 318,,23,0.0,,,0,A,15.0,C,,101,
2979,Circuito integrado 323Q,,16,0.0,,,0,A,15.0,C,,102,
2959,Circuito integrado 324,,3,0.0,,,0,A,15.0,B,,213,
3466,Circuito integrado 328,,1,0.0,,,0,A,15.0,B,,236,
3354,Circuito integrado 339,,85,0.0,,,0,A,15.0,B,,213,
3358,Circuito integrado 3486,,9,0.0,,,0,A,15.0,B,,214,
3359,Circuito integrado 3487,,7,0.0,,,0,A,15.0,B,,214,
3360,Circuito integrado 3524,,38,0.0,,,0,A,15.0,B,,214,
3361,Circuito integrado 3525,,11,0.0,,,0,A,15.0,B,,214,
3362,Circuito integrado 3680,,4,0.0,,,0,A,15.0,B,,214,
2974,Circuito integrado 386,,10,0.0,,,0,A,15.0,C,,101,
3363,Circuito integrado 3914,,3,0.0,,,0,A,15.0,B,,214,
3369,Circuito integrado 4000,,16,0.0,,,0,A,15.0,B,,216,
3370,Circuito integrado 4001,,71,0.0,,,0,A,15.0,B,,216,
3371,Circuito integrado 4002,,14,0.0,,,0,A,15.0,B,,216,
3372,Circuito integrado 4006,,19,0.0,,,0,A,15.0,B,,216,
3373,Circuito integrado 4008,,16,0.0,,,0,A,15.0,B,,216,
3374,Circuito integrado 4009,,30,0.0,,,0,A,15.0,B,,217,
3375,Circuito integrado 4010,,49,0.0,,,0,A,15.0,B,,217,
3376,Circuito integrado 4011,,54,0.0,,,0,A,15.0,B,,217,
3377,Circuito integrado 4013,,24,0.0,,,0,A,15.0,B,,217,
3378,Circuito integrado 4017,,9,0.0,,,0,A,15.0,B,,217,
3379,Circuito integrado 4023,,4,0.0,,,0,A,15.0,B,,217,
3380,Circuito integrado 4025,,6,0.0,,,0,A,15.0,B,,217,
3381,Circuito integrado 4026,,7,0.0,,,0,A,15.0,B,,218,
3382,Circuito integrado 4027,,14,0.0,,,0,A,15.0,B,,218,
3383,Circuito integrado 4028,,38,0.0,,,0,A,15.0,B,,218,
3384,Circuito integrado 4029,,156,0.0,,,0,A,15.0,B,,218,
3385,Circuito integrado 4030,,7,0.0,,,0,A,15.0,B,,218,
3386,Circuito integrado 4035,,21,0.0,,,0,A,15.0,B,,219,
3387,Circuito integrado 4040,,16,0.0,,,0,A,15.0,B,,219,
3388,Circuito integrado 4042,,1,0.0,,,0,A,15.0,B,,219,
3389,Circuito integrado 4047,,24,0.0,,,0,A,15.0,B,,219,
3390,Circuito integrado 4048,,15,0.0,,,0,A,15.0,B,,219,
3391,Circuito integrado 4049,,28,0.0,,,0,A,15.0,B,,219,
3392,Circuito integrado 4051,,56,0.0,,,0,A,15.0,B,,219,
3393,Circuito integrado 4052,,23,0.0,,,0,A,15.0,B,,220,
3394,Circuito integrado 4055,,7,0.0,,,0,A,15.0,B,,220,
3395,Circuito integrado 4060,,16,0.0,,,0,A,15.0,B,,220,
3396,Circuito integrado 4066,,24,0.0,,,0,A,15.0,B,,220,
3397,Circuito integrado 4069,,2,0.0,,,0,A,15.0,B,,220,
3398,Circuito integrado 4070,,54,0.0,,,0,A,15.0,B,,220,
3399,Circuito integrado 4071,,15,0.0,,,0,A,15.0,B,,221,
3400,Circuito integrado 4072,,2,0.0,,,0,A,15.0,B,,221,
3401,Circuito integrado 4081,,52,0.0,,,0,A,15.0,B,,221,
3402,Circuito integrado 4082,,24,0.0,,,0,A,15.0,B,,221,
3403,Circuito integrado 4093,,50,0.0,,,0,A,15.0,B,,221,
3404,Circuito integrado 4094,,8,0.0,,,0,A,15.0,B,,222,
3405,Circuito integrado 4099,,3,0.0,,,0,A,15.0,B,,222,
3434,Circuito integrado 44256,,4,0.0,,,0,A,15.0,B,,229,
3406,Circuito integrado 4503,,3,0.0,,,0,A,15.0,B,,222,
3407,Circuito integrado 4511,,171,0.0,,,0,A,15.0,B,,222,
3408,Circuito integrado 4516,,6,0.0,,,0,A,15.0,B,,222,
3409,Circuito integrado 4518,,152,0.0,,,0,A,15.0,B,,223,
3410,Circuito integrado 4538,,19,0.0,,,0,A,15.0,B,,223,
2966,Circuito integrado 4558C,,24,0.0,,,0,A,15.0,C,,100,
2967,Circuito integrado 4558P,,56,0.0,,,0,A,15.0,C,,100,
2975,Circuito integrado 4N25,,39,0.0,,,0,A,15.0,C,,102,
2976,Circuito integrado 4N26,,11,0.0,,,0,A,15.0,C,,102,
2977,Circuito integrado 4N35,,32,0.0,,,0,A,15.0,C,,102,
2978,Circuito integrado 4N36,,11,0.0,,,0,A,15.0,C,,102,
3435,Circuito integrado 514256,,6,0.0,,,0,A,15.0,B,,229,
2955,Circuito integrado 555 P,,160,0.0,,,0,A,15.0,C,,98,
2956,Circuito integrado 555CN,,53,0.0,,,0,A,15.0,C,,98,
2957,Circuito integrado 555N,,10,0.0,,,0,A,15.0,C,,98,
2960,Circuito integrado 556N,,15,0.0,,,0,A,15.0,C,,99,
3429,Circuito integrado 6116,,24,0.0,,,0,A,15.0,B,,228,
3426,Circuito integrado 61256AK,,9,0.0,,,0,A,15.0,B,,227,
3427,Circuito integrado 61256FK,,4,0.0,,,0,A,15.0,B,,227,
3467,Circuito integrado 6507,,1,0.0,,,0,A,15.0,B,,236,
3253,Circuito integrado 7404,,179,0.0,,,0,A,15.0,B,,193,
3254,Circuito integrado 7405,,36,0.0,,,0,A,15.0,B,,193,
3255,Circuito integrado 7406,,43,0.0,,,0,A,15.0,B,,193,
3256,Circuito integrado 7407,,68,0.0,,,0,A,15.0,B,,194,
3257,Circuito integrado 7408,,280,0.0,,,0,A,15.0,B,,194,
3258,Circuito integrado 7409,,17,0.0,,,0,A,15.0,B,,194,
3259,Circuito integrado 7410,,132,0.0,,,0,A,15.0,B,,195,
3291,Circuito integrado 74102,,1,0.0,,,0,A,15.0,B,,202,
3292,Circuito integrado 74107,,37,0.0,,,0,A,15.0,B,,202,
3260,Circuito integrado 7411,,103,0.0,,,0,A,15.0,B,,195,
3293,Circuito integrado 74111,,27,0.0,,,0,A,15.0,B,,202,
3294,Circuito integrado 74112,,6,0.0,,,0,A,15.0,B,,203,
3261,Circuito integrado 7412,,19,0.0,,,0,A,15.0,B,,195,
3295,Circuito integrado 74121,,45,0.0,,,0,A,15.0,B,,203,
3296,Circuito integrado 74123,,29,0.0,,,0,A,15.0,B,,203,
3297,Circuito integrado 74124,,14,0.0,,,0,A,15.0,B,,203,
3298,Circuito integrado 74125,,29,0.0,,,0,A,15.0,B,,203,
3299,Circuito integrado 74126,,36,0.0,,,0,A,15.0,B,,203,
3262,Circuito integrado 7413,,46,0.0,,,0,A,15.0,B,,195,
3300,Circuito integrado 74132,,36,0.0,,,0,A,15.0,B,,204,
3301,Circuito integrado 74138,,46,0.0,,,0,A,15.0,B,,204,
3302,Circuito integrado 74139,,16,0.0,,,0,A,15.0,B,,204,
3263,Circuito integrado 7414,,66,0.0,,,0,A,15.0,B,,196,
3303,Circuito integrado 74141,,17,0.0,,,0,A,15.0,B,,204,
3304,Circuito integrado 74148,,7,0.0,,,0,A,15.0,B,,204,
3305,Circuito integrado 74150,,14,0.0,,,0,A,15.0,B,,204,
3306,Circuito integrado 74151,,28,0.0,,,0,A,15.0,B,,205,
3307,Circuito integrado 74153,,48,0.0,,,0,A,15.0,B,,205,
3308,Circuito integrado 74154,,12,0.0,,,0,A,15.0,B,,205,
3309,Circuito integrado 74155,,60,0.0,,,0,A,15.0,B,,205,
3310,Circuito integrado 74157,,72,0.0,,,0,A,15.0,B,,205,
3264,Circuito integrado 7416,,22,0.0,,,0,A,15.0,B,,196,
3311,Circuito integrado 74161,,45,0.0,,,0,A,15.0,B,,205,
3312,Circuito integrado 74163,,4,0.0,,,0,A,15.0,B,,206,
3313,Circuito integrado 74164,,35,0.0,,,0,A,15.0,B,,206,
3314,Circuito integrado 74165,,6,0.0,,,0,A,15.0,B,,206,
3265,Circuito integrado 7417,,21,0.0,,,0,A,15.0,B,,196,
3315,Circuito integrado 74170,,15,0.0,,,0,A,15.0,B,,206,
3316,Circuito integrado 74174,,76,0.0,,,0,A,15.0,B,,206,
3317,Circuito integrado 74175,,18,0.0,,,0,A,15.0,B,,206,
3318,Circuito integrado 74177,,24,0.0,,,0,A,15.0,B,,207,
3319,Circuito integrado 74180,,32,0.0,,,0,A,15.0,B,,207,
3432,Circuito integrado 74181,,26,0.0,,,0,A,15.0,B,,228,
3320,Circuito integrado 74190,,71,0.0,,,0,A,15.0,B,,207,
3321,Circuito integrado 74191,,48,0.0,,,0,A,15.0,B,,207,
3322,Circuito integrado 74192,,72,0.0,,,0,A,15.0,B,,207,
3323,Circuito integrado 74193,,47,0.0,,,0,A,15.0,B,,207,
3324,Circuito integrado 74194,,8,0.0,,,0,A,15.0,B,,207,
3325,Circuito integrado 74197,,7,0.0,,,0,A,15.0,B,,207,
3266,Circuito integrado 7420,,106,0.0,,,0,A,15.0,B,,196,
3267,Circuito integrado 7421,,12,0.0,,,0,A,15.0,B,,196,
3268,Circuito integrado 7423,,19,0.0,,,0,A,15.0,B,,197,
3326,Circuito integrado 74240,,9,0.0,,,0,A,15.0,B,,208,
3327,Circuito integrado 74241,,43,0.0,,,0,A,15.0,B,,208,
3328,Circuito integrado 74244,,26,0.0,,,0,A,15.0,B,,208,
3329,Circuito integrado 74245,,75,0.0,,,0,A,15.0,B,,208,
3330,Circuito integrado 74247,,22,0.0,,,0,A,15.0,B,,208,
3269,Circuito integrado 7425,,18,0.0,,,0,A,15.0,B,,197,
3331,Circuito integrado 74257,,18,0.0,,,0,A,15.0,B,,208,
3270,Circuito integrado 7427,,44,0.0,,,0,A,15.0,B,,197,
3332,Circuito integrado 74273,,37,0.0,,,0,A,15.0,B,,208,
3333,Circuito integrado 74279,,43,0.0,,,0,A,15.0,B,,209,
3334,Circuito integrado 74293,,10,0.0,,,0,A,15.0,B,,209,
3271,Circuito integrado 7430,,57,0.0,,,0,A,15.0,B,,197,
3272,Circuito integrado 7432,,354,0.0,,,0,A,15.0,B,,198,
3335,Circuito integrado 74365,,20,0.0,,,0,A,15.0,B,,209,
3336,Circuito integrado 74367,,43,0.0,,,0,A,15.0,B,,209,
3337,Circuito integrado 74368,,32,0.0,,,0,A,15.0,B,,209,
3339,Circuito integrado 74373,,329,0.0,,,0,A,15.0,B,,210,
3338,Circuito integrado 74374,,31,0.0,,,0,A,15.0,B,,209,
3273,Circuito integrado 7438,,21,0.0,,,0,A,15.0,B,,199,
3340,Circuito integrado 74390,,40,0.0,,,0,A,15.0,B,,210,
3341,Circuito integrado 74393,,25,0.0,,,0,A,15.0,B,,210,
3274,Circuito integrado 7442,,169,0.0,,,0,A,15.0,B,,199,
3275,Circuito integrado 7447,,142,0.0,,,0,A,15.0,B,,199,
3276,Circuito integrado 7451,,61,0.0,,,0,A,15.0,B,,199,
3277,Circuito integrado 7453,,40,0.0,,,0,A,15.0,B,,200,
3342,Circuito integrado 74573,,21,0.0,,,0,A,15.0,B,,211,
3343,Circuito integrado 74597,,9,0.0,,,0,A,15.0,B,,211,
3278,Circuito integrado 7460,,16,0.0,,,0,A,15.0,B,,200,
3279,Circuito integrado 7472,,3,0.0,,,0,A,15.0,B,,200,
3280,Circuito integrado 7473,,2,0.0,,,0,A,15.0,B,,200,
3281,Circuito integrado 7474,,182,0.0,,,0,A,15.0,B,,200,
3282,Circuito integrado 7475,,22,0.0,,,0,A,15.0,B,,201,
3283,Circuito integrado 7476,,38,0.0,,,0,A,15.0,B,,201,
3284,Circuito integrado 7483,,69,0.0,,,0,A,15.0,B,,201,
3285,Circuito integrado 7485,,58,0.0,,,0,A,15.0,B,,201,
3286,Circuito integrado 7486,,127,0.0,,,0,A,15.0,B,,201,
3287,Circuito integrado 7490,,148,0.0,,,0,A,15.0,B,,202,
3288,Circuito integrado 7492,,22,0.0,,,0,A,15.0,B,,202,
3289,Circuito integrado 7493,,84,0.0,,,0,A,15.0,B,,202,
3290,Circuito integrado 7495,,57,0.0,,,0,A,15.0,B,,202,
3344,Circuito integrado 75107,,9,0.0,,,0,A,15.0,B,,211,
3345,Circuito integrado 75110,,2,0.0,,,0,A,15.0,B,,211,
3438,Circuito integrado 7903,,3,0.0,,,0,A,15.0,B,,230,
3439,Circuito integrado 8636,,3,0.0,,,0,A,15.0,B,,230,
3430,Circuito integrado 88931 G88AJ9301,,4,0.0,,,0,A,15.0,B,,228,
3364,Circuito integrado 8922,,1,0.0,,,0,A,15.0,B,,215,
3365,Circuito integrado 8927,,1,0.0,,,0,A,15.0,B,,215,
3367,Circuito integrado 9227,,7,0.0,,,0,A,15.0,B,,215,
3468,Circuito integrado ADC 0808 CCN,,11,0.0,,,0,A,15.0,B,,236,
3368,Circuito integrado H9236,,17,0.0,,,0,A,15.0,B,,215,
3431,Circuito integrado HCF 4515 BE,,10,0.0,,,0,A,15.0,B,,228,
2954,Circuito integrado KA 555,,10,0.0,,,0,A,15.0,C,,98,
3347,Circuito integrado LM 723 CN,,29,0.0,,,0,A,15.0,B,,212,
3366,Circuito integrado MC 3487 P RQGB 8930,,11,0.0,,,0,A,15.0,B,,215,
3449,Circuito integrado P 1529 GF4,,7,0.0,,,0,A,15.0,B,,232,
3461,Circuito integrado P 8032 SBPN,,55,0.0,,,0,A,15.0,B,,235,
3464,Circuito integrado P28010,,32,0.0,,,0,A,15.0,B,,236,
2962,Circuito integrado PC817,,104,0.0,,,0,A,15.0,C,,99,
3460,Circuito integrado PIC 16621A-04,,12,0.0,,,0,A,15.0,B,,234,
3450,Circuito integrado PIC 16628-04,,141,0.0,,,0,A,15.0,B,,233,
3459,Circuito integrado PIC 16630,,2,0.0,,,0,A,15.0,B,,234,
3451,Circuito integrado PIC 1674B-041,,4,0.0,,,0,A,15.0,B,,233,
3452,Circuito integrado PIC 16872-1,,4,0.0,,,0,A,15.0,B,,233,
3453,Circuito integrado PIC 16873,,10,0.0,,,0,A,15.0,B,,233,
3454,Circuito integrado PIC 16877,,17,0.0,,,0,A,15.0,B,,233,
3457,Circuito integrado PIC 184550-1,,10,0.0,,,0,A,15.0,B,,234,
3458,Circuito integrado PIC 184620,,30,0.0,,,0,A,15.0,B,,234,
3455,Circuito integrado PIC182550-I,,4,0.0,,,0,A,15.0,B,,234,
3456,Circuito integrado PIC184525,,8,0.0,,,0,A,15.0,B,,234,
3422,Circuito integrado PLS 153,,3,0.0,,,0,A,15.0,B,,226,
3423,Circuito integrado PLS 157,,9,0.0,,,0,A,15.0,B,,226,
3424,Circuito integrado PLS 159,,59,0.0,,,0,A,15.0,B,,226,
3462,Circuito integrado R 9401 27C512DC,,4,0.0,,,0,A,15.0,B,,235,
3425,Circuito integrado SMD 7400,,9,0.0,,,0,A,15.0,B,,227,
2964,Circuito integrado SX 28AC/DP,,4,0.0,,,0,A,15.0,C,,99,
3356,Circuito integrado TCA 785,,6,0.0,,,0,A,15.0,B,,213,
3411,Circuito integrado TL084CN,,37,0.0,,,0,A,15.0,B,,223,
3463,Circuito integrado TM 2016 AP-15,,3,0.0,,,0,A,15.0,B,,235,
3355,Circuito integrado UNL 20048,,20,0.0,,,0,A,15.0,B,,213,
3447,Circuito integrado V 2.03.04,,7,0.0,,,0,A,15.0,B,,232,
3441,Circuito integrado VIGILANCE V1.0.3,,10,0.0,,,0,A,15.0,B,,231,
3443,Circuito integrado VIGILANCE V8 V1.0.11,,14,0.0,,,0,A,15.0,B,,231,
3444,Circuito integrado VIGILANCE V8 V1.0.17,,1,0.0,,,0,A,15.0,B,,231,
3445,Circuito integrado VIGILANCE V8 V2.3.02,,3,0.0,,,0,A,15.0,B,,231,
3446,Circuito integrado VIGILANCE V8 V2.3.03,,7,0.0,,,0,A,15.0,B,,231,
3346,Circuito integrado max 691 PCE,,7,0.0,,,0,A,15.0,B,,212,
3470,Circuito integrado transceptor max 32321 RS 232,,20,0.0,,,0,A,15.0,B,,237,
2665,Clipe de teste,,15,0.0,,,0,A,15.0,C,,17,
2789,Conector DB9 serial fêmea,,22,0.0,,,0,A,15.0,C,,53,
2721,Conector P10 c/mola,,10,0.0,,,0,A,15.0,C,,39,
2687,Conector USB macho,,10,0.0,,,0,A,15.0,C,,27,
2759,Conector Waggo 222,,6,0.0,,,0,A,15.0,C,,50,
2669,Conector banana fêmea médio,,19,0.0,,,0,A,15.0,C,,18,
3003,Conector macho spiner angular,,46,0.0,,,0,A,15.0,C,,112,
2735,Conector p/placa SL fêmea,,5,0.0,,,0,A,15.0,C,,43,
2734,Conector p/placa SL macho,,30,0.0,,,0,A,15.0,C,,43,
2769,Conector placa-cabo kk fêmea 11 vias,,3,0.0,,,0,A,15.0,C,,51,
2764,Conector placa-cabo kk fêmea 2 vias,,34,0.0,,,0,A,15.0,C,,51,
2765,Conector placa-cabo kk fêmea 3 vias,,46,0.0,,,0,A,15.0,C,,51,
2766,Conector placa-cabo kk fêmea 4 vias,,4,0.0,,,0,A,15.0,C,,51,
2767,Conector placa-cabo kk fêmea 6 vias,,15,0.0,,,0,A,15.0,C,,51,
2768,Conector placa-cabo kk fêmea 7 vias,,3,0.0,,,0,A,15.0,C,,51,
2770,Conector placa-cabo kk macho 11 vias,,1,0.0,,,0,A,15.0,C,,51,
2771,Conector placa-cabo kk macho 4 vias,,74,0.0,,,0,A,15.0,C,,51,
2772,Conector placa-cabo kk macho 5 vias,,7,0.0,,,0,A,15.0,C,,51,
2654,"Conector terminal ilhós tubular azul 2,5mm pcte c/100",,3,0.0,,,0,A,15.0,C,,12,
2655,"Conector terminal ilhós tubular preto 2,5mm pcte c/1000",,1,0.0,,,0,A,15.0,C,,12,
2661,"Conector terminal tubular 2x1,5"" pcte c/100",,5,0.0,,,0,A,15.0,C,,15,
2650,"Conector terminal tubular azul 1,5mm solto",,0,0.0,,,0,A,15.0,C,,9,
2656,"Conector terminal tubular duplo 2x2,5"" pcte c/100",,2,0.0,,,0,A,15.0,C,,13,
2651,"Conector terminal tubular ilhós azul 1,5mm pcte c/100",,14,0.0,,,0,A,15.0,C,,10,
2652,"Conector terminal tubular ilhós azul 2,5mm solto",,100,0.0,,,0,A,15.0,C,,11,
2653,"Conector terminal tubular ilhós preto 1,5mm solto",,100,0.0,,,0,A,15.0,C,,11,
2686,Conector ótico,,5,0.0,,,0,A,15.0,C,,26,
2709,Conversor regulardor de tensão buck,,1,0.0,,,0,A,15.0,C,,31,
2783,Cristal oscilador 11.0592,,19,0.0,,,0,A,15.0,C,,52,
2779,Cristal oscilador 16000,,20,0.0,,,0,A,15.0,C,,52,
2780,Cristal oscilador 32.768k,,50,0.0,,,0,A,15.0,C,,52,
2781,Cristal oscilador 4M,,5,0.0,,,0,A,15.0,C,,52,
2774,Cristal oscilador 50000,,30,0.0,,,0,A,15.0,C,,52,
2777,Cristal oscilador 6000,,15,0.0,,,0,A,15.0,C,,52,
2778,Cristal oscilador 6000000,,35,0.0,,,0,A,15.0,C,,52,
2775,Cristal oscilador 72000,,30,0.0,,,0,A,15.0,C,,52,
2782,Cristal oscilador SJK 20000,,15,0.0,,,0,A,15.0,C,,52,
2776,Cristal oscilador SJK 25.00,,100,0.0,,,0,A,15.0,C,,52,
2835,Diodo  5822,,29,0.0,,,0,A,15.0,C,,73,
2864,Diodo 1N 4728,,19,0.0,,,0,A,15.0,C,,79,
2846,Diodo 1N 4733,,88,0.0,,,0,A,15.0,C,,79,
2834,Diodo 1N 4735,,47,0.0,,,0,A,15.0,C,,73,
2866,Diodo 1N 4737,,46,0.0,,,0,A,15.0,C,,79,
2865,Diodo 1N 4738,,64,0.0,,,0,A,15.0,C,,79,
2853,Diodo 1N 4739A,,35,0.0,,,0,A,15.0,C,,76,
2843,Diodo 1N 4742,,78,0.0,,,0,A,15.0,C,,74,
2844,Diodo 1N 4745,,26,0.0,,,0,A,15.0,C,,74,
2845,Diodo 1N 4749,,120,0.0,,,0,A,15.0,C,,74,
2847,Diodo 1N 4937,,5,0.0,,,0,A,15.0,C,,75,
2850,Diodo 1N 5404,,6,0.0,,,0,A,15.0,C,,75,
2849,Diodo 1N 5406,,65,0.0,,,0,A,15.0,C,,75,
2848,Diodo 1N 5408,,36,0.0,,,0,A,15.0,C,,75,
2867,Diodo 1N 746A,,100,0.0,,,0,A,15.0,C,,79,
2854,Diodo 1N 753A,,27,0.0,,,0,A,15.0,C,,76,
2830,Diodo 1N4007,,50,0.0,,,0,A,15.0,C,,72,
2841,Diodo 1N4740,,3,0.0,,,0,A,15.0,C,,74,
2842,Diodo 1N4741,,22,0.0,,,0,A,15.0,C,,74,
2840,Diodo 1N4939,,60,0.0,,,0,A,15.0,C,,74,
2837,Diodo 4148,,12,0.0,,,0,A,15.0,C,,73,
2856,Diodo 4743,,77,0.0,,,0,A,15.0,C,,76,
2838,Diodo 4744,,2,0.0,,,0,A,15.0,C,,73,
2987,Diodo 4746,,6,0.0,,,0,A,15.0,C,,107,
2833,Diodo 6A10 MIC,,15,0.0,,,0,A,15.0,C,,72,
2831,Diodo 6A8 MIC,,116,0.0,,,0,A,15.0,C,,72,
2839,Diodo 7468,,3,0.0,,,0,A,15.0,C,,73,
2983,Diodo 9C2V7,,17,0.0,,,0,A,15.0,C,,107,
2984,Diodo BZX79C11,,3,0.0,,,0,A,15.0,C,,107,
2852,Diodo BZX85C18,,62,0.0,,,0,A,15.0,C,,76,
2851,Diodo C15PH,,108,0.0,,,0,A,15.0,C,,76,
2986,Diodo C2V7PH,,15,0.0,,,0,A,15.0,C,,107,
2855,Diodo C4V75T,,87,0.0,,,0,A,15.0,C,,76,
2985,Diodo C9V1PH,,8,0.0,,,0,A,15.0,C,,107,
2832,Diodo IN5404 DC,,15,0.0,,,0,A,15.0,C,,72,
2763,Diodo RGB LED,,6,0.0,,,0,A,15.0,C,,50,
2836,Diodo SK3GH04,,25,0.0,,,0,A,15.0,C,,73,
2785,Diodo ponte retificadora,,20,0.0,,,0,A,15.0,C,,52,
3013,Display G/P,,37,0.0,,,0,A,15.0,C,,116,
3014,Display M,,20,0.0,,,0,A,15.0,C,,116,
2787,Espaçador de placa p/circuito impresso /fixador clipe,,10,0.0,,,0,A,15.0,C,,53,
2689,Fonte ajustável p/protoboard,,1,0.0,,,0,A,15.0,C,,27,
2736,"Fusível 0,25A",,71,0.0,,,0,A,15.0,C,,44,
2738,"Fusível 0,5A",,77,0.0,,,0,A,15.0,C,,44,
2737,"Fusível 0,8A",,30,0.0,,,0,A,15.0,C,,44,
2744,Fusível 10A,,279,0.0,,,0,A,15.0,C,,46,
2745,Fusível 15A,,302,0.0,,,0,A,15.0,C,,46,
2743,Fusível 1A,,25,0.0,,,0,A,15.0,C,,46,
2741,Fusível 20A,,12,0.0,,,0,A,15.0,C,,45,
2742,Fusível 30A,,190,0.0,,,0,A,15.0,C,,45,
2739,Fusível 3A,,11,0.0,,,0,A,15.0,C,,44,
2740,Fusível 5A,,38,0.0,,,0,A,15.0,C,,44,
2795,Fusível lâmina,,4,0.0,,,0,A,15.0,C,,55,
2666,Garra jacaré,,5,0.0,,,0,A,15.0,C,,17,
2728,Indutor,,84,0.0,,,0,A,15.0,C,,42,
2700,Interruptor de alternância 15A 250VAC,,5,0.0,,,0,A,15.0,C,,30,
2701,Interruptor de alternância 5A 125VAC,,7,0.0,,,0,A,15.0,C,,30,
2664,Isolador de teste,,5,0.0,,,0,A,15.0,C,,16,
2720,Lâmpada rosqueável,,7,0.0,,,0,A,15.0,C,,39,
3465,Memória flash FCM7001,,3,0.0,,,0,A,15.0,B,,236,
2630,Microfone cápsula,,13,0.0,,,0,A,15.0,C,,6,
2788,Microfone eletreto,,10,0.0,,,0,A,15.0,C,,53,
2611,"Monitor 24""",Monitores,5,799.0,Monitor Full HD 24 polegadas,,0,,,,,,
2610,Mouse Óptico,Periféricos,8,79.9,Mouse com fio e alta precisão,,0,,,,,,
2647,Módulo bluetooth,,10,0.0,,,0,A,15.0,C,,9,
2649,Módulo cartão micro SD,,9,0.0,,,0,A,15.0,C,,9,
2677,Módulo conversor p/sensor de peso,,12,0.0,,,0,A,15.0,C,,23,
2708,Módulo relê 1 canal c/led indicador,,15,0.0,,,0,A,15.0,C,,31,
2692,Módulo sensor RFID,,30,0.0,,,0,A,15.0,C,,28,
2682,Módulo sensor acelerômetro e giroscópio,,9,0.0,,,0,A,15.0,C,,25,
2645,Módulo sensor de corrente,,8,0.0,,,0,A,15.0,C,,9,
2688,Módulo sensor de efeito,,9,0.0,,,0,A,15.0,C,,27,
2793,Módulo sensor de luz LDR,,40,0.0,,,0,A,15.0,C,,55,
2678,Módulo sensor de luz sem LDR Arduíno,,25,0.0,,,0,A,15.0,C,,24,
2685,Módulo sensor de passo,,5,0.0,,,0,A,15.0,C,,25,
2679,Módulo sensor de som Arduíno,,13,0.0,,,0,A,15.0,C,,24,
2749,Módulo sensor de turbidez,,6,0.0,,,0,A,15.0,C,,47,
2802,Módulo serial adaptador de display LCD para Arduíno,,30,0.0,,,0,A,15.0,C,,59,
2800,Módulo transceptor wireless,,21,0.0,,,0,A,15.0,C,,57,
2797,Módulo wi fi model vendor esp 8266 model vendor,,3,0.0,,,0,A,15.0,C,,56,
2799,Módulo wifi/bluetooth esp 32,,19,0.0,,,0,A,15.0,C,,57,
2798,Placa adaptadora de módulo wi fi esp 8266,,19,0.0,,,0,A,15.0,C,,56,
2646,Placa arduíno nano,,6,0.0,,,0,A,15.0,C,,9,
2723,Ponta estação de solda,,1,0.0,,,0,A,15.0,C,,40,
2804,Ponte retificadora,,332,0.0,,,0,A,15.0,C,,62,
2726,Ponteira ferro de solda,,5,0.0,,,0,A,15.0,C,,40,
2727,Ponteira ferro de solda nova,,7,0.0,,,0,A,15.0,C,,40,
2714,Porta fusível 6A SX 250V,,93,0.0,,,0,A,15.0,C,,35,
2746,Porta fusível de metal,,200,0.0,,,0,A,15.0,C,,47,
2715,Porta fusível metal,,500,0.0,,,0,A,15.0,C,,36,
2747,Porta gaiola c/parafuso,,15,0.0,,,0,A,15.0,C,,47,
2626,Potenciômetro  1M,,10,0.0,,,0,A,15.0,C,,4,
2624,Potenciômetro 1k,,15,0.0,,,0,A,15.0,C,,4,
2627,Potenciômetro 220K,,12,0.0,,,0,A,15.0,C,,4,
2622,Potenciômetro 470k,,2,0.0,,,0,A,15.0,C,,3,
2623,Potenciômetro 4k 7a 311/ 4k 7a 727/ 4k 7a 802,,2,0.0,,,0,A,15.0,C,,3,
2621,Potenciômetro 4m 7.A  223,,9,0.0,,,0,A,15.0,C,,2,
2629,Potenciômetro 50K,,15,0.0,,,0,A,15.0,C,,6,
2625,Potenciômetro 5k,,50,0.0,,,0,A,15.0,C,,4,
2628,Potenciômetro 5k/10K,,70,0.0,,,0,A,15.0,C,,5,
2725,Protetor térmico amarelo/azul silicone p/sugador de solda,,13,0.0,,,0,A,15.0,C,,40,
2667,Pug banana,,500,0.0,,,0,A,15.0,C,,17,
2748,Quadro fixo de motor p/Arduino,,10,0.0,,,0,A,15.0,C,,47,
2640,Real Time Clock RTC DS3231,,24,0.0,,,0,A,15.0,C,,8,
2924,Regulador de tensão 2N 2222 A331,,12,0.0,,,0,A,15.0,C,,92,
2925,Regulador de tensão 337,,250,0.0,,,0,A,15.0,C,,92,
2923,Regulador de tensão 7812,,6,0.0,,,0,A,15.0,C,,92,
2922,Regulador de tensão L7805,,67,0.0,,,0,A,15.0,C,,92,
2812,Relé 5 pinos 12V 10A 120/250V HK3FF-DC12VSH,,12,0.0,,,0,A,15.0,C,,66,
2811,Relé 5 pinos 12V 10A 125/240V SRD12VDCSLC,,6,0.0,,,0,A,15.0,C,,66,
2819,Relé 5 pinos 12V 10A 125/250V JQC3FFSZ,,19,0.0,,,0,A,15.0,C,,67,
2825,Relé 5 pinos 12V 10A 125V JQC3FT73,,14,0.0,,,0,A,15.0,C,,70,
2821,Relé 5 pinos 24V 10A 120/240V HJR3FFSZ4,,2,0.0,,,0,A,15.0,C,,67,
2807,Relé 5 pinos 24V 15A 120V AT1RC3,,14,0.0,,,0,A,15.0,C,,65,
2808,Relé 5 pinos 24V 15A 120V AX1RC3,,3,0.0,,,0,A,15.0,C,,65,
2822,Relé 5 pinos 24V 40A 120V-277V HAT901CSDC24,,61,0.0,,,0,A,15.0,C,,69,
2809,Relé 5 pinos 28V 10A 125/250V MPAS112C,,3,0.0,,,0,A,15.0,C,,65,
2806,Relé 5 pinos 28V 12A 125/250V CF413012,,21,0.0,,,0,A,15.0,C,,65,
2805,Relé 5 pinos 28V 12A 125/250V SRD-S-112D SANYOU,,201,0.0,,,0,A,15.0,C,,64,
2820,Relé 5 pinos 5V 10A 120/240V HJR3FFSZ,,35,0.0,,,0,A,15.0,C,,67,
2824,Relé 5 pinos 5V 10A 125V JQC3FT73,,9,0.0,,,0,A,15.0,C,,70,
2817,Relé 5 pinos 5VA 15A 125V AY1RC5V,,2,0.0,,,0,A,15.0,C,,66,
2828,Relé 6 pinos 12V 40A 120/277V HAT901CSDC12,,9,0.0,,,0,A,15.0,C,,70,
2826,Relé 6 pinos 24V 20A 240V HJQ15FSZ,,4,0.0,,,0,A,15.0,C,,70,
2827,Relé 6 pinos 24V 30A 250V HP2150T90,,2,0.0,,,0,A,15.0,C,,70,
2823,Relé 6 pinos 28V 30A 240V ZH4115,,2,0.0,,,0,A,15.0,C,,69,
2816,Relé 8 pinos 30V 1A 125V ML2RC3,,15,0.0,,,0,A,15.0,C,,66,
2815,Relé 8 pinos 30V 1A 125V SM46,,4,0.0,,,0,A,15.0,C,,66,
2814,Relé 8 pinos 48V GSSH248D,,3,0.0,,,0,A,15.0,C,,66,
2813,Relé 8 pinos 48V MH2RC4-48DC,,1,0.0,,,0,A,15.0,C,,66,
2818,Relé 8 pinos 5V 1A 120V HK19FDC5VSH,,35,0.0,,,0,A,15.0,C,,66,
2810,Relé8 pinos 48V 220V JX2RC4,,2,0.0,,,0,A,15.0,C,,65,
2612,SSD 480GB,Armazenamento,15,329.0,SSD interno para desktop e notebook,,0,,,,,,
2638,Sensor Infravermelho faixa seguidor linha,,9,0.0,,,0,A,15.0,C,,7,
2794,Sensor LDR,,150,0.0,,,0,A,15.0,C,,55,
2719,Sensor de corrente não invasivo 20A 1V,,3,0.0,,,0,A,15.0,C,,39,
2680,Sensor de gestos e cor RGB,,8,0.0,,,0,A,15.0,C,,25,
2683,Sensor de som,,9,0.0,,,0,A,15.0,C,,25,
2632,Sensor de temperatura CI LM35,,50,0.0,,,0,A,15.0,C,,6,
2643,Sensor de temperatura azul DHT11,,23,0.0,,,0,A,15.0,C,,8,
2642,Sensor de temperatura branco DHT22,,11,0.0,,,0,A,15.0,C,,8,
2631,Sensor de temperatura digital 18B20,,6,0.0,,,0,A,15.0,C,,6,
2681,Sensor digital de intensidade,,4,0.0,,,0,A,15.0,C,,25,
2684,Sensor magnético ARDUÍNO,,6,0.0,,,0,A,15.0,C,,25,
2773,Sensor magnético reed switch,,70,0.0,,,0,A,15.0,C,,52,
2801,Sensor ultrassônico arduíno,,45,0.0,,,0,A,15.0,C,,58,
2644,Sensor óptico reflexivo TCRT-5000,,4,0.0,,,0,A,15.0,C,,9,
2750,Sonalarme buzzer,,10,0.0,,,0,A,15.0,C,,48,
2722,Suporte p/ bateria 2032,,10,0.0,,,0,A,15.0,C,,39,
2786,Tampa furo sextavado,,100,0.0,,,0,A,15.0,C,,53,
2609,Teclado Gamer,Periféricos,12,129.9,Teclado mecânico retroiluminado,,0,,,,,,
2635,Terminal encaixe macho c/capa,,16,0.0,,,0,A,15.0,C,,6,
2634,Terminal encaixe macho cobre,,100,0.0,,,0,A,15.0,C,,6,
2636,Terminal macho cobre,,100,0.0,,,0,A,15.0,C,,6,
2657,Terminal pino agulha azul,,40,0.0,,,0,A,15.0,C,,13,
2658,Terminal pino agulha vermelho,,40,0.0,,,0,A,15.0,C,,13,
2660,"Terminal pré isolado luva fêmea 2,5mm 15A pcte c/100",,2,0.0,,,0,A,15.0,C,,14,
2659,"Terminal pré isolado luva fêmea azul 2,5mm solto",,200,0.0,,,0,A,15.0,C,,14,
2662,"Terminal pré isolado olhal 2,5 mm azul pcte c/50",,1,0.0,,,0,A,15.0,C,,15,
2663,"Terminal pré isolado olhal 2,5 mm azul solto",,50,0.0,,,0,A,15.0,C,,15,
2690,Testador de corrente e tensão usb,,2,0.0,,,0,A,15.0,C,,27,
2762,Transformador de alta potência LT1664LF,,8,0.0,,,0,A,15.0,C,,50,
2760,Transformador de alta potência LT1678LF,,11,0.0,,,0,A,15.0,C,,50,
2761,Transformador de alta potência LT1681LF,,6,0.0,,,0,A,15.0,C,,50,
2881,Transistor 0724,,4,0.0,,,0,A,15.0,C,,83,
2890,Transistor 126A,,38,0.0,,,0,A,15.0,C,,85,
2928,Transistor 127,,12,0.0,,,0,A,15.0,C,,93,
2953,Transistor 13007,,8,0.0,,,0,A,15.0,C,,97,
2945,Transistor 132,,15,0.0,,,0,A,15.0,C,,95,
2929,Transistor 136,,30,0.0,,,0,A,15.0,C,,93,
2930,Transistor 137,,3,0.0,,,0,A,15.0,C,,93,
2936,Transistor 150,,3,0.0,,,0,A,15.0,C,,94,
2940,Transistor 206,,1,0.0,,,0,A,15.0,C,,95,
2891,Transistor 216D,,13,0.0,,,0,A,15.0,C,,85,
2892,Transistor 226B,,1,0.0,,,0,A,15.0,C,,85,
2942,Transistor 2335,,1,0.0,,,0,A,15.0,C,,95,
2935,Transistor 2807,,4,0.0,,,0,A,15.0,C,,94,
2932,Transistor 2940,,11,0.0,,,0,A,15.0,C,,93,
2878,Transistor 3005,,4,0.0,,,0,A,15.0,C,,82,
2933,Transistor 3007,,15,0.0,,,0,A,15.0,C,,93,
2944,Transistor 3205,,1,0.0,,,0,A,15.0,C,,95,
2943,Transistor 326,,1,0.0,,,0,A,15.0,C,,95,
2862,Transistor 3710,,4,0.0,,,0,A,15.0,C,,77,
2939,Transistor 3931,,1,0.0,,,0,A,15.0,C,,94,
2938,Transistor 4008,,19,0.0,,,0,A,15.0,C,,94,
2895,Transistor 40TPS12A 533XA,,3,0.0,,,0,A,15.0,C,,86,
2894,Transistor 40TPS12A 607XA,,17,0.0,,,0,A,15.0,C,,86,
2937,Transistor 6008,,8,0.0,,,0,A,15.0,C,,94,
2861,Transistor 684,,12,0.0,,,0,A,15.0,C,,77,
2952,Transistor 70TPS12,,5,0.0,,,0,A,15.0,C,,97,
2907,Transistor 7805A,,163,0.0,,,0,A,15.0,C,,88,
2926,Transistor 7808 78L08,,20,0.0,,,0,A,15.0,C,,92,
2869,Transistor 7809,,129,0.0,,,0,A,15.0,C,,80,
2906,Transistor 7810,,21,0.0,,,0,A,15.0,C,,88,
2908,Transistor 7812C,,71,0.0,,,0,A,15.0,C,,88,
2909,Transistor 7815C,,121,0.0,,,0,A,15.0,C,,88,
2919,Transistor 7824,,6,0.0,,,0,A,15.0,C,,91,
2871,Transistor 7905cv,,4,0.0,,,0,A,15.0,C,,81,
2872,Transistor 7909cv,,12,0.0,,,0,A,15.0,C,,81,
2875,Transistor 7912cv,,148,0.0,,,0,A,15.0,C,,81,
2874,Transistor 7915cv,,22,0.0,,,0,A,15.0,C,,81,
2873,Transistor 7924cv,,38,0.0,,,0,A,15.0,C,,81,
2931,Transistor 840,,34,0.0,,,0,A,15.0,C,,93,
2927,Transistor 9540,,3,0.0,,,0,A,15.0,C,,92,
2911,Transistor 9552 NPD 606A,,227,0.0,,,0,A,15.0,C,,89,
2910,Transistor 9606 NPD 606A,,111,0.0,,,0,A,15.0,C,,89,
2941,Transistor 9944,,1,0.0,,,0,A,15.0,C,,95,
2857,Transistor BD 138,,22,0.0,,,0,A,15.0,C,,77,
2858,Transistor BD 139,,22,0.0,,,0,A,15.0,C,,77,
2859,Transistor BD 437,,9,0.0,,,0,A,15.0,C,,77,
2860,Transistor BD 438,,8,0.0,,,0,A,15.0,C,,77,
2896,Transistor BT137 600E,,5,0.0,,,0,A,15.0,C,,86,
2885,Transistor BT151 500R,,34,0.0,,,0,A,15.0,C,,84,
2946,Transistor BTA41 600B,,97,0.0,,,0,A,15.0,C,,96,
2898,Transistor BTA41-600B A113,,10,0.0,,,0,A,15.0,C,,86,
2916,Transistor BUK 455,,55,0.0,,,0,A,15.0,C,,91,
2917,Transistor BUK 456,,15,0.0,,,0,A,15.0,C,,91,
2950,Transistor GP4063D,,5,0.0,,,0,A,15.0,C,,97,
2948,Transistor GP50B60PD,,12,0.0,,,0,A,15.0,C,,96,
2951,Transistor GPS60B120KD,,4,0.0,,,0,A,15.0,C,,97,
2920,Transistor IRF 540N,,61,0.0,,,0,A,15.0,C,,91,
2918,Transistor IRF 640N,,32,0.0,,,0,A,15.0,C,,91,
2868,Transistor IRF BE 30,,4,0.0,,,0,A,15.0,C,,80,
2921,Transistor IRF Z48N,,12,0.0,,,0,A,15.0,C,,91,
2947,Transistor IRFP250,,8,0.0,,,0,A,15.0,C,,96,
2949,Transistor IRFP4227,,8,0.0,,,0,A,15.0,C,,97,
2883,Transistor LM 317,,138,0.0,,,0,A,15.0,C,,83,
2912,Transistor LM 7808 CV,,41,0.0,,,0,A,15.0,C,,90,
2913,Transistor LM1117 T,,61,0.0,,,0,A,15.0,C,,90,
2914,Transistor LM337,,120,0.0,,,0,A,15.0,C,,90,
2897,Transistor PH1605 C15 BT137 600E,,10,0.0,,,0,A,15.0,C,,86,
2876,Transistor TDA2002,,13,0.0,,,0,A,15.0,C,,82,
2877,Transistor TDA2003,,7,0.0,,,0,A,15.0,C,,82,
2882,Transistor TIC106D,,3,0.0,,,0,A,15.0,C,,83,
2889,Transistor TIC116D,,11,0.0,,,0,A,15.0,C,,85,
2905,Transistor TIP 0235,,6,0.0,,,0,A,15.0,C,,87,
2886,Transistor TIP 122,,64,0.0,,,0,A,15.0,C,,84,
2893,Transistor TIP 141,,0,0.0,,,0,A,15.0,C,,85,
2884,Transistor TIP 147T,,90,0.0,,,0,A,15.0,C,,83,
2899,Transistor TIP 30A,,11,0.0,,,0,A,15.0,C,,87,
2900,Transistor TIP 31A/C,,20,0.0,,,0,A,15.0,C,,87,
2901,Transistor TIP 32C,,8,0.0,,,0,A,15.0,C,,87,
2887,Transistor TIP 35C,,18,0.0,,,0,A,15.0,C,,96,
2888,Transistor TIP 36C,,36,0.0,,,0,A,15.0,C,,96,
2902,Transistor TIP 41C,,42,0.0,,,0,A,15.0,C,,87,
2903,Transistor TIP 42C,,19,0.0,,,0,A,15.0,C,,87,
2904,Transistor TIP 47C,,22,0.0,,,0,A,15.0,C,,87,
2870,Transistor TIP142T,,295,0.0,,,0,A,15.0,C,,80,
2915,Transistor TP 50,,6,0.0,,,0,A,15.0,C,,90,
2879,Transistor U1620,,66,0.0,,,0,A,15.0,C,,82,
2880,Transistor U1660,,10,0.0,,,0,A,15.0,C,,82,
2934,Transistor Z44N,,12,0.0,,,0,A,15.0,C,,94,
2988,Transistor lm309k,,20,0.0,,,0,A,15.0,C,,108,
2758,Trimpot 220R,,20,0.0,,,0,A,15.0,C,,49,
2756,Trimpot 54m,,10,0.0,,,0,A,15.0,C,,49,
2755,Trimpot horizontal 100 R prata,,4,0.0,,,0,A,15.0,C,,49,
2757,Trimpot horizontal 2k20 ohm prata,,50,0.0,,,0,A,15.0,C,,49,
2753,Trimpot horizontal 3386 azul,,62,0.0,,,0,A,15.0,C,,49,
2754,Trimpot horizontal 503 branco,,50,0.0,,,0,A,15.0,C,,49,
2724,Tubo termo-retrátil de fibra ótica,,48,0.0,,,0,A,15.0,C,,40,
2989,bloco terminal de barreira,,10,0.0,,,0,A,15.0,C,,108,
2751,buzzer 5v,,30,0.0,,,0,A,15.0,C,,48,
3015,capacitor cerâmico 101,,20,0.0,,,0,A,15.0,C,,117,
3017,capacitor cerâmico 102,,20,0.0,,,0,A,15.0,C,,117,
3016,capacitor cerâmico 221,,20,0.0,,,0,A,15.0,C,,117,
2998,capacitor poliester 224k 400v marrom,,42,0.0,,,0,A,15.0,C,,111,
2691,cartão RFID,,32,0.0,,,0,A,15.0,C,,28,*identificador de rádio frequência
3001,chave seletora,,1,0.0,,,0,A,15.0,C,,111,
2673,chave tátil,,16,0.0,,,0,A,15.0,C,,22,
2863,circuito integrado LM309K,,10,0.0,,,0,A,15.0,C,,78,
3474,circuito integrado regulador de tensão 2576t-5,,10,0.0,,,0,A,15.0,B,,237,
2674,conector RJ11,,20,0.0,,,0,A,15.0,C,,23,
2675,conector RJ45 fêmea,,20,0.0,,,0,A,15.0,C,,23,
3027,conector bateria 9V,,100,0.0,,,0,A,15.0,C,,122,
2618,conector header 2x10 pinos,,10,0.0,,,0,A,15.0,C,,1,
2619,conector header 2x11 pinos,,10,0.0,,,0,A,15.0,C,,1,
2614,conector header 2x4 pinos,,10,0.0,,,0,A,15.0,C,,1,
2615,conector header 2x6 pinos,,10,0.0,,,0,A,15.0,C,,1,
2616,conector header 2x8 pinos,,10,0.0,,,0,A,15.0,C,,1,
2617,conector header 2x9 pinos,,10,0.0,,,0,A,15.0,C,,1,
2676,conector usb tipo B,,25,0.0,,,0,A,15.0,C,,23,
2633,detector de subtensão MC34064,,20,0.0,,,0,A,15.0,C,,6,
3002,dimmer,,1,0.0,,,0,A,15.0,C,,111,
3007,diodo 1N4734,,50,0.0,,,0,A,15.0,C,,113,
3008,diodo 1N4735,,3,0.0,,,0,A,15.0,C,,113,
3004,diodo 1N5341B,,4,0.0,,,0,A,15.0,C,,113,
3012,diodo 1N5388 B  811,,50,0.0,,,0,A,15.0,C,,114,
3005,diodo 1N6284A,,8,0.0,,,0,A,15.0,C,,113,
3009,diodo BZX 55C,,18,0.0,,,0,A,15.0,C,,113,
2999,diodo DB3 DIAC,,40,0.0,,,0,A,15.0,C,,111,
3010,diodo LTP 5A6V5CA,,7,0.0,,,0,A,15.0,C,,114,
3006,diodo PC11 P6KE,,3,0.0,,,0,A,15.0,C,,113,
3011,diodo PK 1.5KE 18A,,8,0.0,,,0,A,15.0,C,,114,
2784,fusível de vidro,,100,0.0,,,0,A,15.0,C,,52,
2990,kit rfid- rc522 programável mifare,,30,0.0,,,0,A,15.0,C,,109,
3030,led amarelo,,1000,0.0,,,0,A,15.0,C,,126,
3033,led amarelo pcte fechado,,50,0.0,,,0,A,15.0,C,,127,
3031,led azul,,500,0.0,,,0,A,15.0,C,,127,
3035,led incolor,,50,0.0,,,0,A,15.0,C,,129,
3029,led verde,,1000,0.0,,,0,A,15.0,C,,125,
3034,led vermelho,,1000,0.0,,,0,A,15.0,C,,128,
3032,led vermelho pcte fechado,,50,0.0,,,0,A,15.0,C,,127,
2637,modulo Sensor de Obstáculos LM363,,35,0.0,,,0,A,15.0,C,,7,
2980,motor de passo 28BYJ-48 c/driver ULN2003,,10,0.0,,,0,A,15.0,C,,103,
2981,motor de passo 28BYJ-48 c/driver ULN2004,,10,0.0,,,0,A,15.0,C,,104,
2982,motor de passo 28BYJ-48 c/driver ULN2005,,10,0.0,,,0,A,15.0,C,,105,
2752,módulo buzzer passivo,,15,0.0,,,0,A,15.0,C,,48,
3000,módulo controlador motor de passo,,2,0.0,,,0,A,15.0,C,,111,
2648,módulo esp 8266 AI Thinker,,3,0.0,,,0,A,15.0,C,,9,
2711,módulo relé 2 canais,,37,0.0,,,0,A,15.0,C,,33,
2710,módulo relé wifi esp8266 esp01s,,6,0.0,,,0,A,15.0,C,,31,
2641,módulo sensor de chuva,,7,0.0,,,0,A,15.0,C,,8,
2639,módulo sensor de obstáculo Rel15 flyng fish,,38,0.0,,,0,A,15.0,C,,7,
3026,módulo sensor de presença piroelétrico PIR - HC-SR501,,30,0.0,,,0,A,15.0,C,,120,
3025,módulo sensor de umidade do solo/ sensor,,30,0.0,,,0,A,15.0,C,,119,
2620,potenciômetro 50K/100k,,10,0.0,,,0,A,15.0,C,,2,
3472,regulador de tensão LM2576T 5.0,,19,0.0,,,0,A,15.0,B,,237,
3473,regulador de tensão chaveado 2576 hvs adj,,35,0.0,,,0,A,15.0,B,,237,
3471,regulador de tensão chaveado LM2596S,,23,0.0,,,0,A,15.0,B,,237,
3114,"resistor 0,1/0,22/1,2 ohms",,10,0.0,,,0,14,15.0,A,,152,
3111,resistor 0.1 ohms,,7,0.0,,,0,14,15.0,A,,151,
3112,resistor 0.22 ohms,,7,0.0,,,0,14,15.0,A,,151,
3115,resistor 1 ohms,,10,0.0,,,0,14,15.0,A,,152,
3113,"resistor 1,2 ohms",,300,0.0,,,0,14,15.0,A,,151,
3220,resistor 1.2M ohms,,30,0.0,,,0,14,15.0,A,,185,
3116,resistor 1.5 ohms,,10,0.0,,,0,14,15.0,A,,152,
3125,resistor 10 ohms,,20,0.0,,,0,14,15.0,A,,154,
3147,resistor 100 R ohms,,10,0.0,,,0,14,15.0,A,,158,
3142,resistor 100 ohms,,10,0.0,,,0,14,15.0,A,,157,
3208,resistor 100K ohms,,30,0.0,,,0,14,15.0,A,,183,
3197,resistor 10K ohms 1/4W 5%,,1000,0.0,,,0,14,15.0,A,,180,
3127,resistor 12 ohms,,10,0.0,,,0,14,15.0,A,,154,
3148,resistor 120 R ohms,,10,0.0,,,0,14,15.0,A,,158,
3143,resistor 120 ohms,,10,0.0,,,0,14,15.0,A,,157,
3209,resistor 120K ohms,,30,0.0,,,0,14,15.0,A,,183,
3154,resistor 146 ohms,,50,0.0,,,0,14,15.0,A,,161,
3128,resistor 15 ohms,,10,0.0,,,0,14,15.0,A,,154,
3149,resistor 150 R ohms,,10,0.0,,,0,14,15.0,A,,158,
3144,resistor 150 ohms,,10,0.0,,,0,14,15.0,A,,157,
3210,resistor 150K ohms,,30,0.0,,,0,14,15.0,A,,183,
3188,resistor 15K ohms,,30,0.0,,,0,14,15.0,A,,178,
3155,resistor 160 ohms,,50,0.0,,,0,14,15.0,A,,161,
3156,resistor 174 ohms,,50,0.0,,,0,14,15.0,A,,161,
3129,resistor 18 ohms,,10,0.0,,,0,14,15.0,A,,154,
3150,resistor 180 R ohms,,10,0.0,,,0,14,15.0,A,,158,
3145,resistor 180 ohms,,10,0.0,,,0,14,15.0,A,,157,
3211,resistor 180K ohms,,30,0.0,,,0,14,15.0,A,,183,
3189,resistor 18K ohms,,30,0.0,,,0,14,15.0,A,,178,
3110,resistor 1K 1/4W 5%,,1000,0.0,,,0,14,15.0,A,,149,
3180,resistor 1K ohms,,30,0.0,,,0,14,15.0,A,,175,
3186,resistor 1K15 ohms,,150,0.0,,,0,14,15.0,A,,178,
3181,resistor 1K2 ohms,,30,0.0,,,0,14,15.0,A,,175,
3182,resistor 1K5 ohms,,90,0.0,,,0,14,15.0,A,,177,
3183,resistor 1K8 ohms,,60,0.0,,,0,14,15.0,A,,177,
3219,resistor 1M ohms,,190,0.0,,,0,14,15.0,A,,186,
3121,resistor 2 ohms,,10,0.0,,,0,14,15.0,A,,153,
3122,resistor 2.2 ohms,,10,0.0,,,0,14,15.0,A,,153,
3172,resistor 212 ohms,,60,0.0,,,0,14,15.0,A,,172,
3157,resistor 215 ohms,,100,0.0,,,0,14,15.0,A,,163,
3130,resistor 22 R ohms,,20,0.0,,,0,14,15.0,A,,155,
3151,resistor 220 R ohms,,1010,0.0,,,0,14,15.0,A,,159,
3146,resistor 220 ohms,,60,0.0,,,0,14,15.0,A,,162,
3212,resistor 220K ohms,,30,0.0,,,0,14,15.0,A,,183,
3190,resistor 22K ohms,,30,0.0,,,0,14,15.0,A,,178,
3158,resistor 232 ohms,,50,0.0,,,0,14,15.0,A,,162,
3160,resistor 240 ohms,,60,0.0,,,0,14,15.0,A,,171,
3152,resistor 270 R ohms,,10,0.0,,,0,14,15.0,A,,158,
3161,resistor 270 ohms,,30,0.0,,,0,14,15.0,A,,164,
3213,resistor 270K ohms,,30,0.0,,,0,14,15.0,A,,184,
3159,resistor 274 ohms,,140,0.0,,,0,14,15.0,A,,165,
3198,resistor 27K ohms,,30,0.0,,,0,14,15.0,A,,181,
3187,resistor 2K ohms,,30,0.0,,,0,14,15.0,A,,178,
3184,resistor 2K2 ohms,,30,0.0,,,0,14,15.0,A,,175,
3185,resistor 2K7 ohms,,30,0.0,,,0,14,15.0,A,,175,
3117,resistor 3.3 ohms,,10,0.0,,,0,14,15.0,A,,152,
3118,resistor 3.9 ohms,,10,0.0,,,0,14,15.0,A,,152,
3167,resistor 314 ohms,,30,0.0,,,0,14,15.0,A,,167,
3164,resistor 316 ohms,,30,0.0,,,0,14,15.0,A,,166,
3168,resistor 324 ohms,,30,0.0,,,0,14,15.0,A,,168,
3165,resistor 325 ohms,,30,0.0,,,0,14,15.0,A,,166,
3131,resistor 33 R ohms,,10,0.0,,,0,14,15.0,A,,155,
3136,resistor 33 ohms,,10,0.0,,,0,14,15.0,A,,156,
3153,resistor 330 R ohms 1/4W 5%,,1000,0.0,,,0,14,15.0,A,,160,
3162,resistor 330 ohms,,60,0.0,,,0,14,15.0,A,,170,
3214,resistor 330K ohms,,30,0.0,,,0,14,15.0,A,,184,
3199,resistor 337K ohms,,30,0.0,,,0,14,15.0,A,,181,
3166,resistor 374 ohms,,30,0.0,,,0,14,15.0,A,,166,
3163,resistor 383 ohms,,60,0.0,,,0,14,15.0,A,,169,
3137,resistor 39 ohms,,10,0.0,,,0,14,15.0,A,,156,
3170,resistor 390 ohms,,30,0.0,,,0,14,15.0,A,,170,
3215,resistor 390K ohms,,30,0.0,,,0,14,15.0,A,,184,
3200,resistor 397K ohms,,30,0.0,,,0,14,15.0,A,,181,
3191,resistor 3K3 ohms,,60,0.0,,,0,14,15.0,A,,179,
3192,resistor 3K9 ohms,,30,0.0,,,0,14,15.0,A,,178,
3119,resistor 4.7 ohms,,10,0.0,,,0,14,15.0,A,,152,
3204,resistor 40K ohms,,30,0.0,,,0,14,15.0,A,,182,
3173,resistor 440 ohms,,30,0.0,,,0,14,15.0,A,,171,
3132,resistor 47 R ohms,,10,0.0,,,0,14,15.0,A,,155,
3138,resistor 47 ohms,,10,0.0,,,0,14,15.0,A,,156,
3169,resistor 470 ohms,,30,0.0,,,0,14,15.0,A,,169,
3216,resistor 470K ohms,,30,0.0,,,0,14,15.0,A,,184,
3201,resistor 47K ohms,,30,0.0,,,0,14,15.0,A,,181,
3193,resistor 4K7 ohms,,30,0.0,,,0,14,15.0,A,,179,
3120,resistor 5.5 ohms,,10,0.0,,,0,14,15.0,A,,152,
3205,resistor 55K ohms,,30,0.0,,,0,14,15.0,A,,182,
3133,resistor 56 R ohms,,10,0.0,,,0,14,15.0,A,,155,
3139,resistor 56 ohms,,10,0.0,,,0,14,15.0,A,,156,
3171,resistor 560 ohms,,30,0.0,,,0,14,15.0,A,,170,
3202,resistor 56K ohms,,30,0.0,,,0,14,15.0,A,,181,
3217,resistor 570K ohms,,30,0.0,,,0,14,15.0,A,,184,
3174,resistor 576 ohms,,30,0.0,,,0,14,15.0,A,,172,
3194,resistor 5K6 ohms,,30,0.0,,,0,14,15.0,A,,179,
3123,resistor 6.7 ohms,,10,0.0,,,0,14,15.0,A,,153,
3124,resistor 6.8 ohms,,20,0.0,,,0,14,15.0,A,,154,
3134,resistor 68 R ohms,,10,0.0,,,0,14,15.0,A,,155,
3140,resistor 68 ohms,,10,0.0,,,0,14,15.0,A,,156,
3176,resistor 680 ohms,,30,0.0,,,0,14,15.0,A,,173,
3218,resistor 680K ohms,,30,0.0,,,0,14,15.0,A,,184,
3175,resistor 682 ohms,,30,0.0,,,0,14,15.0,A,,172,
3203,resistor 68K ohms,,30,0.0,,,0,14,15.0,A,,181,
3195,resistor 6K8 ohms,,30,0.0,,,0,14,15.0,A,,179,
3177,resistor 730 ohms,,30,0.0,,,0,14,15.0,A,,173,
3178,resistor 749 ohms,,60,0.0,,,0,14,15.0,A,,174,
3206,resistor 75K ohms,,30,0.0,,,0,14,15.0,A,,182,
3126,resistor 8.2 ohms,,10,0.0,,,0,14,15.0,A,,154,
3135,resistor 82 R ohms,,10,0.0,,,0,14,15.0,A,,155,
3141,resistor 82 ohms,,10,0.0,,,0,14,15.0,A,,157,
3207,resistor 82K ohms,,30,0.0,,,0,14,15.0,A,,183,
3179,resistor 887 ohms,,30,0.0,,,0,14,15.0,A,,174,
3196,resistor 8K2 ohms,,30,0.0,,,0,14,15.0,A,,179,
3226,resistor branco 100 ohms,,5,0.0,,,0,14,15.0,A,,186,
3223,resistor branco 15 ohms ohms,,5,0.0,,,0,14,15.0,A,,186,
3221,"resistor branco 2,2k ohms",,5,0.0,,,0,14,15.0,A,,186,
3224,resistor branco 27k ohms,,5,0.0,,,0,14,15.0,A,,186,
3222,resistor branco 3k3 ohms,,5,0.0,,,0,14,15.0,A,,186,
3225,resistor branco 56 ohms,,5,0.0,,,0,14,15.0,A,,186,
3243,resistor verde 0R22 ohms,,10,0.0,,,0,14,15.0,A,,190,
3244,resistor verde 0R33 ohms,,30,0.0,,,0,14,15.0,A,,190,
3245,resistor verde 0R47,,10,0.0,,,0,14,15.0,A,,190,
3227,resistor verde 100R ohms,,20,0.0,,,0,14,15.0,A,,187,
3235,resistor verde 10R ohms,,10,0.0,,,0,14,15.0,A,,188,
3242,resistor verde 120R ohms,,10,0.0,,,0,14,15.0,A,,189,
3228,resistor verde 150R ohms,,10,0.0,,,0,14,15.0,A,,187,
3236,resistor verde 15R ohms,,10,0.0,,,0,14,15.0,A,,189,
3232,resistor verde 1R ohms,,20,0.0,,,0,14,15.0,A,,188,
3237,resistor verde 22R ohms,,10,0.0,,,0,14,15.0,A,,189,
3238,resistor verde 27R ohms,,10,0.0,,,0,14,15.0,A,,189,
3233,resistor verde 2R2 ohms,,8,0.0,,,0,14,15.0,A,,188,
3248,resistor verde 330R,,30,0.0,,,0,14,15.0,A,,190,
3239,resistor verde 33R ohms,,10,0.0,,,0,14,15.0,A,,189,
3246,resistor verde 3k3 ohms,,10,0.0,,,0,14,15.0,A,,190,
3229,resistor verde 470R ohms,,50,0.0,,,0,14,15.0,A,,187,
3247,resistor verde 47R ohms,,30,0.0,,,0,14,15.0,A,,190,
3240,resistor verde 56R ohms,,10,0.0,,,0,14,15.0,A,,189,
3234,resistor verde 5R6 ohms,,10,0.0,,,0,14,15.0,A,,188,
3230,resistor verde 680R ohms,,10,0.0,,,0,14,15.0,A,,187,
3241,resistor verde 68R ohms,,10,0.0,,,0,14,15.0,A,,189,
3231,resistor verde OR10 ohms,,20,0.0,,,0,14,15.0,A,,188,
2803,sensor de fim de curso,,10,0.0,,,0,A,15.0,C,,59,
2718,sensor de temperatura a prova dágua DS18B20,,5,0.0,,,0,A,15.0,C,,38,
2717,soquete torneado 8/14/18 pinos,,23,0.0,,,0,A,15.0,C,,37,
3024,termistor MF11-103 NTC 10k 5mm,,40,0.0,,,0,A,15.0,C,,118,
2997,transistor 3904,,6,0.0,,,0,A,15.0,C,,110,
2712,transistor 548,,150,0.0,,,0,A,15.0,C,,34,
2992,transistor 557,,5,0.0,,,0,A,15.0,C,,110,
2993,transistor 558,,30,0.0,,,0,A,15.0,C,,110,
2991,transistor BC 556,,8,0.0,,,0,A,15.0,C,,110,
2995,transistor BF 245 C,,30,0.0,,,0,A,15.0,C,,110,
2996,transistor BF 494 NPN,,7,0.0,,,0,A,15.0,C,,110,
2713,transistor C1740,,10,0.0,,,0,A,15.0,C,,34,
2792,trimpot 20k/ 22k/ 47k 50k / 100k / 470k,,10,0.0,,,0,A,15.0,C,,54,
3028,vazia,,0,0.0,,,0,nan,nan,nan,,150,
